name,role,company,industry,location,linkedinBio
Ernestus Seeviour,Budget/Accounting Analyst IV,InnoZ,SaaSify,Waśniów,Marketing lead driving digital campaigns and revenue growth
Dominique Vasnev,Recruiter,Twitterlist,SaaSify,Tanrake Village,Marketing lead driving digital campaigns and revenue growth
Ber Scotchmur,Paralegal,Wikibox,Retailify,Qiujia,Marketing lead driving digital campaigns and revenue growth
Audy Dewane,Help Desk Operator,Yadel,MarketPro,Pacatuba,Founder passionate about healthcare innovation
Ramsey Hotson,GIS Technical Architect,Youfeed,MarketPro,Clearwater,VP of Sales specializing in mid-market SaaS expansion
Jennine Metham,Geologist III,Lazz,MarketPro,Thomastown,UX designer creating intuitive user experiences
Ilyssa Besantie,Food Chemist,Realcube,HealthTech,Alagoa Grande,Data scientist leveraging machine learning for insights
Darryl Lidington,Staff Scientist,Livepath,E-comBiz,Cát Bà,Growth strategist with 10+ years in SaaS and FinTech
Cassandra Brisker,Research Assistant III,Edgewire,FinTechPro,Josefina,Data scientist leveraging machine learning for insights
Marita Medley,Sales Associate,Mycat,MarketPro,Zhuhu,Founder passionate about healthcare innovation
Antonio Shearsby,Chemical Engineer,Topiczoom,LogiTech,Jiekeng,Founder passionate about healthcare innovation
Roley Landman,Account Representative II,Gabvine,Retailify,Радишани,VP of Sales specializing in mid-market SaaS expansion
Sonni Grishakin,Marketing Assistant,Gabtype,LogiTech,Revda,Data scientist leveraging machine learning for insights
Gonzalo Orridge,Financial Analyst,Yabox,SaaSify,Boshof,Growth strategist with 10+ years in SaaS and FinTech
Tory Gouldbourn,Tax Accountant,Dynabox,HealthTech,Bryansk,Senior consultant with expertise in business transformation
Truman Tidbald,VP Quality Control,Devify,LogiTech,Umeå,Data scientist leveraging machine learning for insights
Alison O'Hartnedy,Structural Engineer,Linktype,TechSaaS,Boca do Acre,Founder passionate about healthcare innovation
Briny Watkin,Physical Therapy Assistant,Thoughtblab,MarketPro,Liebu,Director of Operations with experience in logistics and supply chain
Quint Farland,Administrative Assistant II,Zoomcast,EduTech,Kołczygłowy,Product manager focused on AI and data analytics solutions
Del Kirby,Geological Engineer,Aimbo,RetailHub,Närpes,Director of Operations with experience in logistics and supply chain
Abran Biggam,Account Representative IV,Kare,HealthTech,Hongos,Data scientist leveraging machine learning for insights
Dickie Cleyne,Tax Accountant,Ozu,LogiTech,Cheongju-si,Customer success manager dedicated to client satisfaction
Freddy Astlatt,Staff Accountant III,Zazio,Retailify,Dingtou,VP of Sales specializing in mid-market SaaS expansion
Humfried McDougald,Software Test Engineer III,Realpoint,RetailHub,Ningyang,Director of Operations with experience in logistics and supply chain
Korry Hullock,Payment Adjustment Coordinator,Tagchat,TechSaaS,Hetan,Senior consultant with expertise in business transformation
Gardiner Roumier,Automation Specialist IV,Jatri,HealthTech,Monterrey,Senior consultant with expertise in business transformation
Linc Jiruca,Staff Scientist,Avamm,FinTechPro,Santo Amaro,Director of Operations with experience in logistics and supply chain
Cassey Zuann,Physical Therapy Assistant,Abatz,E-comBiz,São João de Meriti,VP of Sales specializing in mid-market SaaS expansion
Marion Heeron,Senior Quality Engineer,Voolia,SaaSify,Sumqayıt,VP of Sales specializing in mid-market SaaS expansion
Pace Wilkison,Senior Editor,Yata,EduTech,Olmos,Growth strategist with 10+ years in SaaS and FinTech
Bessy Jowers,Senior Sales Associate,Plajo,TechSaaS,Ozubulu,Marketing lead driving digital campaigns and revenue growth
Phoebe Loines,Senior Quality Engineer,Vimbo,EduTech,Araraquara,Growth strategist with 10+ years in SaaS and FinTech
Dido Nappin,Senior Cost Accountant,Feedfire,SaaSify,General Emilio Aguinaldo,Data scientist leveraging machine learning for insights
Ysabel Faunt,GIS Technical Architect,Flipstorm,LogiTech,Kuala Lumpur,Senior consultant with expertise in business transformation
Gideon Downham,Food Chemist,Tavu,E-comBiz,Zhangduangu,VP of Sales specializing in mid-market SaaS expansion
Andy Fley,Recruiting Manager,Linklinks,TechSaaS,Douz,Growth strategist with 10+ years in SaaS and FinTech
Kippy Isitt,Dental Hygienist,Tazzy,HealthTech,Aleksotas,Product manager focused on AI and data analytics solutions
Mannie Neild,Quality Control Specialist,Rhynyx,TechSaaS,Yong’an,Marketing lead driving digital campaigns and revenue growth
Orelie Ennion,Analyst Programmer,Layo,TechSaaS,Tibiri,Growth strategist with 10+ years in SaaS and FinTech
Laurel Trevers,Help Desk Operator,Janyx,HealthTech,Holma,Marketing lead driving digital campaigns and revenue growth
Elsie Dufore,Account Coordinator,Kazu,LogiTech,Chã,Founder passionate about healthcare innovation
Kiele Keir,Information Systems Manager,Edgetag,TechSaaS,Trảng Bàng,UX designer creating intuitive user experiences
Lanni Overal,Systems Administrator II,Trilia,HealthTech,Kronshtadt,Senior consultant with expertise in business transformation
Lynnelle Mafham,Speech Pathologist,Topicstorm,LogiTech,Nanggewer,Founder passionate about healthcare innovation
Kylie Schimon,Staff Accountant III,Tambee,FinTechPro,Paris 06,Growth strategist with 10+ years in SaaS and FinTech
Abbye Adger,Quality Engineer,Twitternation,EduTech,Pedaringan,Customer success manager dedicated to client satisfaction
Wilburt Lelliott,Safety Technician IV,Yakitri,SaaSify,Dodu Dua,Data scientist leveraging machine learning for insights
Sibyl Lydon,Senior Cost Accountant,Jabbersphere,E-comBiz,Cartago,Founder passionate about healthcare innovation
Amandi Redwood,Account Coordinator,Eayo,Retailify,Nesterovskaya,Marketing lead driving digital campaigns and revenue growth
Coretta Getley,GIS Technical Architect,Tagcat,E-comBiz,Estaca,Senior consultant with expertise in business transformation
Beverly Serfati,Marketing Assistant,Wordware,E-comBiz,Raduzhnyy,Product manager focused on AI and data analytics solutions
Lilian Scoone,Junior Executive,Edgeclub,SaaSify,Jibu Hulangtu,Founder passionate about healthcare innovation
Gisella Lamswood,Design Engineer,Edgeify,Retailify,Ibadan,Growth strategist with 10+ years in SaaS and FinTech
Liz Boothman,VP Product Management,Realmix,Retailify,Żebbuġ,Director of Operations with experience in logistics and supply chain
Emmerich Janks,Software Consultant,Trilia,RetailHub,Setro,Senior consultant with expertise in business transformation
Edie Wyon,Product Engineer,Brainsphere,HealthTech,Sumberan,Product manager focused on AI and data analytics solutions
Heinrick Sandon,Account Coordinator,Linkbridge,Retailify,Hitiaa,Growth strategist with 10+ years in SaaS and FinTech
Dudley Mosten,Research Associate,Chatterbridge,MarketPro,Barbalha,Customer success manager dedicated to client satisfaction
Kelci Simpkiss,VP Product Management,Livetube,MarketPro,Qarqania,Product manager focused on AI and data analytics solutions
Abbey Hordell,Sales Associate,Kazio,MarketPro,Lahad Datu,Customer success manager dedicated to client satisfaction
Adena Escot,Research Nurse,Brainlounge,Retailify,Burgau,VP of Sales specializing in mid-market SaaS expansion
Kirsti Esseby,Associate Professor,Dabshots,HealthTech,Mori,UX designer creating intuitive user experiences
Doretta Elsmor,Financial Analyst,Vimbo,EduTech,Nueva Loja,Marketing lead driving digital campaigns and revenue growth
Charlotta M'Quharge,Database Administrator III,Tagopia,TechSaaS,Thị Trấn Cao Lộc,Founder passionate about healthcare innovation
Trevor Varcoe,Database Administrator II,Edgeify,E-comBiz,Norsborg,Growth strategist with 10+ years in SaaS and FinTech
Shannon Hellen,GIS Technical Architect,Skyble,E-comBiz,Gutang,VP of Sales specializing in mid-market SaaS expansion
Eugene Lowman,Editor,Topicstorm,RetailHub,Kutum,Founder passionate about healthcare innovation
Kaylee Stanett,General Manager,Plajo,LogiTech,Aknīste,Senior consultant with expertise in business transformation
Valentia Rous,Media Manager II,Midel,RetailHub,Askersund,Senior consultant with expertise in business transformation
Karleen Hargreave,Human Resources Assistant II,Eazzy,HealthTech,Laholm,Founder passionate about healthcare innovation
Rubia Micklem,Financial Advisor,Realbuzz,Retailify,Renhe,Customer success manager dedicated to client satisfaction
Mortimer Yelyashev,Graphic Designer,Einti,Retailify,Cẩm Phả,Data scientist leveraging machine learning for insights
Nikki Cloutt,GIS Technical Architect,Twitterlist,EduTech,Srbinovo,VP of Sales specializing in mid-market SaaS expansion
Cammy Pressman,VP Accounting,Twiyo,Retailify,Okotoks,VP of Sales specializing in mid-market SaaS expansion
Horace Anthill,VP Product Management,Skiba,MarketPro,Martingança-Gare,Founder passionate about healthcare innovation
Cybill Bonds,Data Coordinator,Geba,RetailHub,Wushi,Customer success manager dedicated to client satisfaction
Kylie Nail,Computer Systems Analyst II,Aimbu,Retailify,Burgkirchen,Growth strategist with 10+ years in SaaS and FinTech
Harland Whale,Pharmacist,Ooba,RetailHub,Taixi,Director of Operations with experience in logistics and supply chain
Melinde Lewing,Office Assistant I,Flipopia,SaaSify,Magbay,VP of Sales specializing in mid-market SaaS expansion
Celina Tennison,Web Developer II,Katz,RetailHub,Camp Thorel,Senior consultant with expertise in business transformation
Clementina Hazelby,Librarian,Skinder,HealthTech,Liudu,Founder passionate about healthcare innovation
Northrop Nation,Developer I,Cogilith,FinTechPro,Wangxian,Marketing lead driving digital campaigns and revenue growth
Abrahan Aymer,Research Associate,Twimm,Retailify,Majiang,UX designer creating intuitive user experiences
Andeee Connechy,VP Marketing,Devshare,TechSaaS,Jega,Senior consultant with expertise in business transformation
Bamby Gaddes,Graphic Designer,Gigashots,MarketPro,Mhamid,Data scientist leveraging machine learning for insights
Inesita Knight,Assistant Manager,Vidoo,TechSaaS,Aqtoghay,Director of Operations with experience in logistics and supply chain
Nickey O'Fielly,Human Resources Assistant IV,Feedspan,EduTech,Kipini,VP of Sales specializing in mid-market SaaS expansion
Marthena Chaperling,Mechanical Systems Engineer,Kazio,EduTech,Gérakas,Founder passionate about healthcare innovation
Tracy Blackbrough,Administrative Assistant II,Tazzy,RetailHub,Glagahdowo,Customer success manager dedicated to client satisfaction
Silvain Noteyoung,Librarian,Vipe,EduTech,Lengkongjaya,Founder passionate about healthcare innovation
Karena Spottiswood,Nurse,Realcube,EduTech,Longshan,VP of Sales specializing in mid-market SaaS expansion
Fabio Palia,Staff Scientist,Photospace,Retailify,Taganrog,Founder passionate about healthcare innovation
Skippie Klaaassen,Research Assistant II,Twinte,RetailHub,São Miguel do Araguaia,Director of Operations with experience in logistics and supply chain
Levey Philippet,Director of Sales,Topicware,SaaSify,Fenghuanglu,Customer success manager dedicated to client satisfaction
Flory Vinall,VP Accounting,Trupe,Retailify,Kristiansand S,Marketing lead driving digital campaigns and revenue growth
Padraic Van den Oord,Internal Auditor,Topdrive,LogiTech,Huntington Beach,UX designer creating intuitive user experiences
Micaela Flude,Automation Specialist III,Viva,LogiTech,Fort Worth,Customer success manager dedicated to client satisfaction
Foster Turvie,Speech Pathologist,Roodel,TechSaaS,Balta,Customer success manager dedicated to client satisfaction
Sheridan Palk,Assistant Professor,Skaboo,LogiTech,Futu,Senior consultant with expertise in business transformation
Georgia Cauderlie,Health Coach II,Tagchat,TechSaaS,Qutqashen,Data scientist leveraging machine learning for insights
